{
  "experiment": "e3i",
  "pillar": "Pillar 2 (geometry-adaptive spectral basis)",
  "hypothesis": "The 2-parameter rectangle encoder extends naturally to a 3-parameter box encoder, matching the E3a accuracy level (< 5 % per-mode rel-err at K = 10) on in-family OOD boxes.",
  "device": "cuda",
  "torch_version": "2.5.1",
  "cuda_available": true,
  "gpu_name": "NVIDIA A40",
  "platform": "Linux-6.12.88+deb13-amd64-x86_64-with-glibc2.41",
  "parameters": {
    "device": "cuda",
    "smoke": false,
    "seed": 0,
    "K": 10,
    "n_train": 10000,
    "n_epochs": 1500,
    "batch": 256,
    "out_dir": "results_e3i"
  },
  "headline": {
    "pass_box_OOD": true,
    "max_rel_err_ood": 0.0390167220561218,
    "mean_rel_err_ood": 0.02137471192993013,
    "frac_grid_under_5pct": 0.8575,
    "final_log_mse": 4.9564274650037984e-05,
    "rel_err_mode_1": 0.008086145943650742,
    "rel_err_mode_2": 0.008450009863222013,
    "rel_err_mode_3": 0.01595518290220439,
    "rel_err_mode_4": 0.026265421967466777,
    "rel_err_mode_5": 0.03787299899602535,
    "rel_err_mode_6": 0.022314868745855726,
    "rel_err_mode_7": 0.016421663363221563,
    "rel_err_mode_8": 0.0390167220561218,
    "rel_err_mode_9": 0.013227219819886582,
    "rel_err_mode_10": 0.02613688564164635
  },
  "timing": {
    "total_seconds": 187.35531322599854,
    "train_seconds": 186.0474295009917,
    "eval_ood_seconds": 0.016984913003398106,
    "eval_grid_seconds": 0.3463775019918103
  },
  "extra": {
    "err_ood": [
      0.008086145943650742,
      0.008450009863222013,
      0.01595518290220439,
      0.026265421967466777,
      0.03787299899602535,
      0.022314868745855726,
      0.016421663363221563,
      0.0390167220561218,
      0.013227219819886582,
      0.02613688564164635
    ],
    "a_grid": [
      0.3,
      0.41578947368421054,
      0.531578947368421,
      0.6473684210526316,
      0.7631578947368421,
      0.8789473684210527,
      0.9947368421052631,
      1.1105263157894738,
      1.2263157894736842,
      1.342105263157895,
      1.4578947368421054,
      1.573684210526316,
      1.6894736842105265,
      1.8052631578947371,
      1.9210526315789476,
      2.0368421052631582,
      2.1526315789473687,
      2.268421052631579,
      2.3842105263157896,
      2.5
    ],
    "b_grid": [
      0.3,
      0.41578947368421054,
      0.531578947368421,
      0.6473684210526316,
      0.7631578947368421,
      0.8789473684210527,
      0.9947368421052631,
      1.1105263157894738,
      1.2263157894736842,
      1.342105263157895,
      1.4578947368421054,
      1.573684210526316,
      1.6894736842105265,
      1.8052631578947371,
      1.9210526315789476,
      2.0368421052631582,
      2.1526315789473687,
      2.268421052631579,
      2.3842105263157896,
      2.5
    ],
    "err_map": [
      [
        0.04869552298987407,
        0.04405426640752317,
        0.035509304819696545,
        0.029744891772885935,
        0.02530541021850551,
        0.02800138921500233,
        0.02457071768713052,
        0.02844886124190782,
        0.050164559587154475,
        0.07255245926358893,
        0.11210206101339808,
        0.12453632046750893,
        0.13554983753146863,
        0.1314988331582138,
        0.13163691623909946,
        0.1361008643660318,
        0.16229856187691513,
        0.19257971248038186,
        0.21622862545712448,
        0.23801771806453198
      ],
      [
        0.03994692644344515,
        0.014806468180019374,
        0.004824929360854565,
        0.009970508172052809,
        0.008715577494779206,
        0.003963314880294249,
        0.01288407580629306,
        0.0056727214765859785,
        0.006528399959083863,
        0.020925460766360076,
        0.03760196239987055,
        0.04934639236618069,
        0.05810631973996781,
        0.0719937100654092,
        0.09099003728474522,
        0.10958452062271813,
        0.12299870465452131,
        0.13692067481656817,
        0.14145398425368091,
        0.14523295446714
      ],
      [
        0.03937314419454203,
        0.003012404904494695,
        0.012727361592436781,
        0.0026705580892248553,
        0.006809083788864958,
        0.005621822963402868,
        0.005551412514534096,
        0.007345833119405472,
        0.0035829823763251258,
        0.003580589578024253,
        0.0025072585561493285,
        0.007142793978340471,
        0.014561997582030828,
        0.02946226224058011,
        0.04928303319270966,
        0.06826933589785983,
        0.0815813416568838,
        0.08997458488237071,
        0.09405409496270693,
        0.09851879469866566
      ],
      [
        0.03794903558124151,
        0.008351997333835726,
        0.0023926585321643627,
        0.006891542088619263,
        0.003456068590373058,
        0.005285049755899344,
        0.0041047570566723045,
        0.0052013734351706985,
        0.004992449137573206,
        0.0037610264962329915,
        0.0066843854937360765,
        0.004793481187882051,
        0.00881177354080726,
        0.008302390493752119,
        0.012828023568879932,
        0.029273012451371243,
        0.04743348932837508,
        0.05975076633051342,
        0.05844635414441364,
        0.05759254092360198
      ],
      [
        0.03174094667961322,
        0.007567828791184522,
        0.007166598102017833,
        0.003463130908439875,
        0.006102938828261223,
        0.0038421718640852262,
        0.006715372513459138,
        0.003202882535793496,
        0.004556232534862505,
        0.005514680012602788,
        0.005144107252417237,
        0.007216942829363385,
        0.009985858420362313,
        0.006378083612749966,
        0.010929258153484955,
        0.009933039142334286,
        0.015863249940914103,
        0.025364436397590062,
        0.030342909785222093,
        0.0374244929878564
      ],
      [
        0.015905927162637765,
        0.004500817550651656,
        0.005298391888374482,
        0.0057020472862540006,
        0.00354071402270316,
        0.01330725655566723,
        0.011787218813787565,
        0.002853548921739385,
        0.0034677787249120275,
        0.002949345412247368,
        0.006026716424548727,
        0.0033022847714960757,
        0.0035342282518383214,
        0.005930105546063496,
        0.0044708590902272135,
        0.006378766584269035,
        0.008764667987191565,
        0.014096017099954358,
        0.016125723685820343,
        0.02060846445108435
      ],
      [
        0.02894173545120985,
        0.016406947665659245,
        0.005915862576046447,
        0.0041042531593067305,
        0.007246330960777895,
        0.011947892194224097,
        0.015469022672606674,
        0.011143104649626779,
        0.005995803967694313,
        0.004805666669197139,
        0.009136478217945488,
        0.005861830991123888,
        0.006234189727057563,
        0.010807062335380502,
        0.007518716850141806,
        0.011194606956696532,
        0.01330825852572363,
        0.017037803679812898,
        0.0159292647299452,
        0.014934062619260021
      ],
      [
        0.026963209544126548,
        0.007701661951037263,
        0.005585347284727942,
        0.0054177755782647075,
        0.0033020224136433183,
        0.0022274939386939347,
        0.010983480757672161,
        0.01417380997416164,
        0.0032475092785952085,
        0.0033235741131279,
        0.0023338511807288378,
        0.004472895765286797,
        0.005695103895207132,
        0.007083362136089513,
        0.0043285215166349944,
        0.008471920056139478,
        0.0126706008487311,
        0.01253252443494782,
        0.010228843828234701,
        0.017296524405012618
      ],
      [
        0.03761925834292173,
        0.006949962036382265,
        0.0036371425890686358,
        0.004217479162525609,
        0.003686472026746502,
        0.003092772787792318,
        0.0059020607632153405,
        0.003335990199376672,
        0.0050808841234686875,
