{
  "experiment": "e3g",
  "pillar": "Pillar 2 (geometry-adaptive spectral basis)",
  "hypothesis": "A rectangle-pretrained LB-eigenvalue encoder transfers to right triangles via the bounding-rectangle descriptor (L, L*tan(alpha)), with error correlated to how far alpha is from pi/4 (the half-rectangle case). A short fine-tune on a small triangle library should close the gap, especially in the skew regime.",
  "device": "cuda",
  "torch_version": "2.5.1",
  "cuda_available": true,
  "gpu_name": "NVIDIA A40",
  "platform": "Linux-6.12.88+deb13-amd64-x86_64-with-glibc2.41",
  "parameters": {
    "device": "cuda",
    "smoke": false,
    "seed": 0,
    "K": 10,
    "n_rect_train": 5000,
    "n_rect_epochs": 600,
    "rect_batch": 128,
    "n_triangle_train": 400,
    "n_triangle_test": 200,
    "n_finetune_epochs": 200,
    "finetune_batch": 64,
    "finetune_lr": 0.001,
    "fem_nx": 40,
    "fem_ny": 40,
    "map_nL": 12,
    "map_nalpha": 12,
    "out_dir": "results_e3g"
  },
  "headline": {
    "mean_rel_err_rect_pretrained": 0.5423817038536072,
    "median_rel_err_rect_pretrained": 0.5423930883407593,
    "mean_rel_err_near_45deg_rect": 0.541844367980957,
    "mean_rel_err_skew_rect": 0.5426973700523376,
    "mean_rel_err_finetuned": 0.010280999355018139,
    "median_rel_err_finetuned": 0.00879136472940445,
    "frac_grid_under_5pct_rect": 0.0,
    "frac_grid_under_5pct_finetuned": 1.0,
    "modes_under_5pct_rect": 0,
    "modes_under_5pct_finetuned": 10
  },
  "timing": {
    "total_seconds": 91.5055317110091,
    "pretrain_rectangle_seconds": 65.78880186799506,
    "triangle_test_dataset_seconds": 4.760027419994003,
    "eval_rect_pretrained_seconds": 0.0008421270031249151,
    "heatmap_rect_seconds": 3.3347617459949106,
    "finetune_seconds": 11.636275862998446,
    "eval_finetuned_seconds": 0.00046841100265737623,
    "heatmap_finetuned_seconds": 3.3734998449945124,
    "plot_seconds": 2.610227543991641
  },
  "extra": {
    "per_mode_rel_err_rect": [
      0.5735434889793396,
      0.5783577561378479,
      0.5534608364105225,
      0.5094770789146423,
      0.5616047382354736,
      0.5418789386749268,
      0.5395393967628479,
      0.5253000259399414,
      0.5275253653526306,
      0.5142000913619995
    ],
    "per_mode_rel_err_finetuned": [
      0.0030091593507677317,
      0.004064743872731924,
      0.006519551854580641,
      0.008870570920407772,
      0.011384783312678337,
      0.010427440516650677,
      0.005587326362729073,
      0.01070445403456688,
      0.019058719277381897,
      0.011343616992235184
    ],
    "L_grid": [
      0.5,
      0.5909090909090909,
      0.6818181818181819,
      0.7727272727272727,
      0.8636363636363636,
      0.9545454545454546,
      1.0454545454545454,
      1.1363636363636362,
      1.2272727272727273,
      1.3181818181818183,
      1.4090909090909092,
      1.5
    ],
    "alpha_grid_rad": [
      0.39269908169872414,
      0.4640989147348558,
      0.5354987477709875,
      0.6068985808071191,
      0.6782984138432508,
      0.7496982468793825,
      0.8210980799155141,
      0.8924979129516457,
      0.9638977459877774,
      1.0352975790239092,
      1.1066974120600408,
      1.1780972450961724
    ],
    "err_map_rect": [
      [
        0.5469588041305542,
        0.5417395830154419,
        0.5422157049179077,
        0.5423462390899658,
        0.5428083539009094,
        0.5414465665817261,
        0.5410193800926208,
        0.5426035523414612,
        0.5433010458946228,
        0.5412489175796509,
        0.5434693098068237,
        0.5450156927108765
      ],
      [
        0.547035813331604,
        0.5418089032173157,
        0.5422319173812866,
        0.542264997959137,
        0.5425185561180115,
        0.540976345539093,
        0.5405644774436951,
        0.5422382354736328,
        0.5431432723999023,
        0.5413244962692261,
        0.5436080694198608,
        0.5449967384338379
      ],
      [
        0.5470430850982666,
        0.5418145060539246,
        0.5422411561012268,
        0.5422635078430176,
        0.5424371957778931,
        0.5408414602279663,
        0.5404537916183472,
        0.5422089099884033,
        0.5432049036026001,
        0.5414116978645325,
        0.5435562133789062,
        0.5447710752487183
      ],
      [
        0.5470389127731323,
        0.5418145060539246,
        0.5422781705856323,
        0.5423305630683899,
        0.5424832105636597,
        0.5408766865730286,
        0.5404878854751587,
        0.5422714948654175,
        0.5432596802711487,
        0.5413893461227417,
        0.5433661937713623,
        0.5445318222045898
      ],
      [
        0.5470423102378845,
        0.5418179631233215,
        0.5423249006271362,
        0.5424137115478516,
        0.5425623059272766,
        0.5409499406814575,
        0.5405373573303223,
        0.5423122644424438,
        0.5432528257369995,
        0.5412977933883667,
        0.543177604675293,
        0.5444466471672058
      ],
      [
        0.5470494627952576,
        0.5418158769607544,
        0.5423539280891418,
        0.5424696207046509,
        0.542616069316864,
        0.5409969091415405,
        0.5405572652816772,
        0.542317807674408,
        0.5432197451591492,
        0.5412219762802124,
        0.5430970191955566,
        0.5445774793624878
      ],
      [
        0.5470515489578247,
        0.5418013334274292,
        0.5423500537872314,
        0.5424799919128418,
        0.5426260828971863,
        0.54100501537323,
        0.5405556559562683,
        0.542316198348999,
        0.543208658695221,
        0.5412160754203796,
        0.5431531667709351,
        0.5448811054229736
      ],
      [
        0.5470438599586487,
        0.5417781472206116,
        0.542316734790802,
        0.5424507260322571,
        0.5426011085510254,
        0.540989339351654,
        0.5405548214912415,
        0.5423333048820496,
        0.5432412028312683,
        0.5412817001342773,
        0.5433031320571899,
        0.5452451705932617
      ],
      [
        0.5470293760299683,
        0.5417608618736267,
        0.5422696471214294,
        0.5423999428749084,
        0.5425601005554199,
        0.540968120098114,
        0.540568470954895,
        0.5423731207847595,
        0.5433028936386108,
        0.5413738489151001,
        0.5434594750404358,
        0.5455307364463806
      ],
      [
        0.5470184087753296,
        0.5417704582214355,
        0.542230486869812,
        0.5423476099967957,
        0.5425189137458801,
        0.5409494638442993,
        0.5405906438827515,
        0.5424140691757202,
        0.5433493852615356,
        0.5414206385612488,
        0.5435185432434082,
        0.5456066131591797
      ],
      [
        0.5470250844955444,
        0.5418286323547363,
        0.5422192215919495,
        0.542308509349823,
        0.5424826741218567,
        0.5409267544746399,
        0.5405965447425842,
        0.5424154996871948,
        0.54332035779953,
        0.5413417816162109,
        0.5433834195137024,
        0.545367419719696
      ],
      [
        0.5470640063285828,
        0.5419538021087646,
        0.5422495603561401,
        0.5422874689102173,
        0.5424450039863586,
        0.5408791899681091,
        0.5405482649803162,
        0.5423280596733093,
        0.5431526303291321,
        0.5410635471343994,
        0.5429760217666626,
        0.5447425842285156
      ]
    ],