{
  "experiment": "e4e",
  "pillar": "Pillar 3 (domain decomposition)",
  "hypothesis": "Overlapping Schwarz converges faster than non-overlapping; the contraction rate decreases linearly with overlap width delta (Toselli-Widlund Theorem 2.4), and a learned DtN preserves this dependence.",
  "device": "cuda",
  "torch_version": "2.5.1",
  "cuda_available": true,
  "gpu_name": "NVIDIA A40",
  "platform": "Linux-6.12.88+deb13-amd64-x86_64-with-glibc2.41",
  "parameters": {
    "device": "cuda",
    "smoke": false,
    "seed": 0,
    "overlaps": [
      0.0,
      0.05,
      0.1,
      0.2,
      0.4
    ],
    "nx_half": 64,
    "n_train": 5000,
    "n_epochs": 600,
    "batch": 64,
    "width": 64,
    "n_modes": 32,
    "n_layers": 4,
    "n_test": 200,
    "max_iter": 30,
    "tol": 1e-06,
    "lr": 0.001,
    "out_dir": "results_e4e"
  },
  "headline": {
    "rate_learned_delta_0p00": 0.9740606942815663,
    "rate_ref_delta_0p00": 0.9846153846153843,
    "iters_learned_delta_0p00": 30.0,
    "iters_ref_delta_0p00": 30.0,
    "rate_learned_delta_0p05": 0.9030210918903994,
    "rate_ref_delta_0p05": 0.9047619047619057,
    "iters_learned_delta_0p05": 30.0,
    "iters_ref_delta_0p05": 30.0,
    "rate_learned_delta_0p10": 0.8185406903945373,
    "rate_ref_delta_0p10": 0.8183218393191852,
    "iters_learned_delta_0p10": 30.0,
    "iters_ref_delta_0p10": 29.99,
    "rate_learned_delta_0p20": 0.6839867512944775,
    "rate_ref_delta_0p20": 0.6902995662936885,
    "iters_learned_delta_0p20": 29.0,
    "iters_ref_delta_0p20": 26.52,
    "rate_learned_delta_0p40": 0.4576038552283846,
    "rate_ref_delta_0p40": 0.4648377008053362,
    "iters_learned_delta_0p40": 15.0,
    "iters_ref_delta_0p40": 13.725,
    "slope_learned": -1.2873794647918173,
    "slope_ref": -1.2836018661843882
  },
  "timing": {
    "total_seconds": 3452.196035432018,
    "data_train_seconds": 9.142040084989276,
    "train_left_seconds": 1458.0808497690014,
    "train_right_seconds": 1418.9871605790104,
    "train_dtn_seconds": 563.6370419189916,
    "evaluate_seconds": 2.3211977060127538
  },
  "extra": {
    "overlaps": [
      0.0,
      0.05,
      0.1,
      0.2,
      0.4
    ],
    "rates_learned": [
      0.9740606942815663,
      0.9030210918903994,
      0.8185406903945373,
      0.6839867512944775,
      0.4576038552283846
    ],
    "rates_ref": [
      0.9846153846153843,
      0.9047619047619057,
      0.8183218393191852,
      0.6902995662936885,
      0.4648377008053362
    ],
    "iters_learned": [
      30.0,
      30.0,
      30.0,
      29.0,
      15.0
    ],
    "iters_ref": [
      30.0,
      30.0,
      29.99,
      26.52,
      13.725
    ],
    "histories_learned": {
      "0.0": [
        0.0009630623389966786,
        0.0009138424647971988,
        0.0008638437720946968,
        0.0008243921329267323,
        0.0007835194119252264,
        0.0007520635263063014,
        0.000718660419806838,
        0.0006934421835467219,
        0.0006656590849161148,
        0.0006452070083469152,
        0.0006222611991688609,
        0.0006059385486878455,
        0.0005871446919627488,
        0.000574025500100106,
        0.0005581990699283779,
        0.0005472382181324065,
        0.0005342058138921857,
        0.000524891831446439,
        0.0005139753920957446,
        0.000506390817463398,
        0.0004974388284608722,
        0.0004910167772322893,
        0.00048384765977971256,
        0.0004784241318702698,
        0.000472047773655504,
        0.0004672358918469399,
        0.0004620240069925785,
        0.00045771835721097887,
        0.0004531423037406057,
        0.00044941643136553466
      ],
      "0.05": [
        0.012381047010421753,
        0.011194880120456219,
        0.01013055071234703,
        0.009156180545687675,
        0.00828613992780447,
        0.007476351223886013,
        0.006766547914594412,
        0.006099490914493799,
        0.00551972771063447,
        0.004973577801138163,
        0.004499915521591902,
        0.004055058117955923,
        0.003667915938422084,
        0.003305709920823574,
        0.0029890993610024452,
        0.0026941602118313313,
        0.002435563364997506,
        0.0021956725977361202,
        0.001984462607651949,
        0.0017887864960357547,
        0.0016163276741281152,
        0.0014569401973858476,
        0.0013167920988053083,
        0.0011869353475049138,
        0.0010724561288952827,
        0.0009670136496424675,
        0.0008740371558815241,
        0.000788187375292182,
        0.0007125632255338132,
        0.0006426822510547936
      ],
      "0.1": [
        0.02264581061899662,
        0.018589267507195473,
        0.01524323783814907,
        0.012479179538786411,
        0.010231551714241505,
        0.00836814846843481,
        0.00685491319745779,
        0.005604875739663839,
        0.004588513169437647,
        0.0037515759468078613,
        0.0030701886862516403,
        0.00251004402525723,
        0.002053814474493265,
        0.0016789853107184172,
        0.0013736726250499487,
        0.0011231930693611503,
        0.0009190746350213885,
        0.0007517018239013851,
        0.0006152455462142825,
        0.0005030591273680329,
        0.0004115276678930968,
        0.0003363685682415962,
        0.0002752095751930028,
        0.0002250399556942284,
        0.0001843179779825732,
        0.00015059240104164928,
        0.00012350875476840883,
        0.00010124943219125271,
        8.312546560773626e-05,
        6.810136255808175e-05
      ],
      "0.2": [
        0.03808823227882385,
        0.02550247125327587,
        0.017089568078517914,
        0.01143733225762844,
        0.007646589074283838,
        0.005130082834511995,
        0.0034286780282855034,
        0.0023043681867420673,
        0.0015405353624373674,
        0.0010365629568696022,
        0.0006930314702913165,
        0.0004670013440772891,
        0.0003121999907307327,
        0.000210668527870439,
        0.00014106580056250095,
        9.486787166679278e-05,
        6.359881808748469e-05,
        4.293033271096647e-05,
        2.9064165573799983e-05,
        1.964163857337553e-05,
        1.3316333934199065e-05,
        9.200731255987193e-06,
        6.255945208977209e-06,
        4.227892532071564e-06,
        3.012781917277607e-06,
        2.0926213437633123e-06,
        1.464066940570774e-06,
        1.1331145515214303e-06,
        9.164866128230642e-07
      ],
      "0.4": [
        0.049870818853378296,
        0.021515311673283577,
        0.009414679370820522,
        0.004093409515917301,
        0.0017759263282641768,
        0.0007763455505482852,
        0.0003373567305970937,
        0.0001480261271353811,
        6.482491153292358e-05,
        2.8930049666087143e-05,
        1.2854369742854033e-05,
        5.9524340940697584e-06,
        2.8807344278902747e-06,
        1.5817349776625633e-06,
        8.804444178167614e-07
      ]
    },
    "histories_ref": {
      "0.0": [
        0.0019423579603965275,
        0.0019124755302365804,
        0.0018830528297714016,
        0.0018540827862364565,
        0.0018255584356789718,
        0.0017974729212839103,
        0.001769819491725696,
        0.0017425914995453,
        0.001715782399552295,
        0.0016893857472514901,
        0.0016633951972937744,
        0.0016378045019507924,
        0.0016126075096130872,
        0.0015877981633113472,
        0.0015633704992604031,
        0.0015393186454256275,
        0.0015156368201113862,
        0.0014923193305712108,
        0.0014693605716393455,
        0.0014467550243833555,
        0.0014244972547774576,
        0.0014025819123962653,
        0.0013810037291286299,
        0.0013597575179112665,
        0.001338838171481862,
        0.001318240661151371,
        0.001297960035595196,
        0.001277991419662962,
        0.0012583300132066081,
        0.0012389710899265059
      ],